{"cameraMode":{"drawMode":0,"name":"Shaded","section":"Shading Mode"},"sceneLighting":true,"audioPlay":false,"sceneViewState":{"m_AlwaysRefresh":false,"showFog":true,"showSkybox":true,"showFlares":true,"showImageEffects":true,"showParticleSystems":true,"showVisualEffectGraphs":true,"m_FxEnabled":true},"in2DMode":false,"pivot":{"x":3.101482391357422,"y":-4.125863075256348,"z":-16.089466094970704},"rotation":{"x":0.009836162440478802,"y":0.9861485958099365,"z":-0.15329141914844514,"w":0.06339754909276962},"size":22.49759292602539,"orthographic":false}